"IP","Online","Timestamp"
"10.60.12.1","True","24.07.2025 7:47:20"
"10.60.12.4","True","24.07.2025 7:47:21"
"10.60.12.5","True","24.07.2025 7:47:21"
"10.60.12.20","True","24.07.2025 7:47:21"
"10.60.12.6","False","24.07.2025 7:47:21"
"10.60.12.2","False","24.07.2025 7:47:21"
"10.60.12.3","False","24.07.2025 7:47:21"
"10.60.12.29","False","24.07.2025 7:47:21"
"10.60.12.32","False","24.07.2025 7:47:21"
"10.60.12.33","False","24.07.2025 7:47:21"
"10.60.12.10","False","24.07.2025 7:47:22"
"10.60.12.9","False","24.07.2025 7:47:22"
"10.60.12.8","False","24.07.2025 7:47:22"
"10.60.12.14","False","24.07.2025 7:47:22"
"10.60.12.13","False","24.07.2025 7:47:22"
"10.60.12.7","False","24.07.2025 7:47:22"
"10.60.12.18","False","24.07.2025 7:47:22"
"10.60.12.16","False","24.07.2025 7:47:22"
"10.60.12.12","False","24.07.2025 7:47:22"
"10.60.12.22","False","24.07.2025 7:47:22"
"10.60.12.21","False","24.07.2025 7:47:22"
"10.60.12.26","False","24.07.2025 7:47:22"
"10.60.12.15","False","24.07.2025 7:47:22"
"10.60.12.17","False","24.07.2025 7:47:22"
"10.60.12.65","True","24.07.2025 7:47:22"
"10.60.12.25","False","24.07.2025 7:47:22"
"10.60.12.11","False","24.07.2025 7:47:22"
"10.60.12.19","False","24.07.2025 7:47:22"
"10.60.12.23","False","24.07.2025 7:47:22"
"10.60.12.24","False","24.07.2025 7:47:22"
"10.60.12.66","True","24.07.2025 7:47:22"
"10.60.12.67","True","24.07.2025 7:47:22"
"10.60.12.73","True","24.07.2025 7:47:22"
"10.60.12.75","True","24.07.2025 7:47:22"
"10.60.12.84","True","24.07.2025 7:47:22"
"10.60.12.50","False","24.07.2025 7:47:22"
"10.60.12.56","False","24.07.2025 7:47:22"
"10.60.12.55","False","24.07.2025 7:47:22"
"10.60.12.57","False","24.07.2025 7:47:22"
"10.60.12.87","True","24.07.2025 7:47:22"
"10.60.12.88","True","24.07.2025 7:47:22"
"10.60.12.90","True","24.07.2025 7:47:22"
"10.60.12.30","False","24.07.2025 7:47:22"
"10.60.12.27","False","24.07.2025 7:47:22"
"10.60.12.37","False","24.07.2025 7:47:22"
"10.60.12.41","False","24.07.2025 7:47:22"
"10.60.12.34","False","24.07.2025 7:47:22"
"10.60.12.28","False","24.07.2025 7:47:22"
"10.60.12.38","False","24.07.2025 7:47:22"
"10.60.12.42","False","24.07.2025 7:47:22"
"10.60.12.46","False","24.07.2025 7:47:22"
"10.60.12.54","False","24.07.2025 7:47:22"
"10.60.12.96","True","24.07.2025 7:47:22"
"10.60.12.49","False","24.07.2025 7:47:22"
"10.60.12.45","False","24.07.2025 7:47:22"
"10.60.12.36","False","24.07.2025 7:47:22"
"10.60.12.53","False","24.07.2025 7:47:22"
"10.60.12.31","False","24.07.2025 7:47:22"
"10.60.12.52","False","24.07.2025 7:47:22"
"10.60.12.35","False","24.07.2025 7:47:22"
"10.60.12.47","False","24.07.2025 7:47:22"
"10.60.12.99","True","24.07.2025 7:47:22"
"10.60.12.39","False","24.07.2025 7:47:22"
"10.60.12.43","False","24.07.2025 7:47:22"
"10.60.12.92","True","24.07.2025 7:47:22"
"10.60.12.48","False","24.07.2025 7:47:22"
"10.60.12.40","False","24.07.2025 7:47:22"
"10.60.12.51","False","24.07.2025 7:47:22"
"10.60.12.44","False","24.07.2025 7:47:22"
"10.60.12.109","True","24.07.2025 7:47:22"
"10.60.12.58","False","24.07.2025 7:47:22"
"10.60.12.59","False","24.07.2025 7:47:22"
"10.60.12.61","False","24.07.2025 7:47:22"
"10.60.12.62","False","24.07.2025 7:47:22"
"10.60.12.60","False","24.07.2025 7:47:22"
"10.60.12.63","False","24.07.2025 7:47:22"
"10.60.12.64","False","24.07.2025 7:47:22"
"10.60.12.68","False","24.07.2025 7:47:22"
"10.60.12.69","False","24.07.2025 7:47:22"
"10.60.12.70","False","24.07.2025 7:47:22"
"10.60.12.71","False","24.07.2025 7:47:22"
"10.60.12.72","False","24.07.2025 7:47:22"
"10.60.12.74","False","24.07.2025 7:47:22"
"10.60.12.76","False","24.07.2025 7:47:22"
"10.60.12.77","False","24.07.2025 7:47:22"
"10.60.12.78","False","24.07.2025 7:47:22"
"10.60.12.79","False","24.07.2025 7:47:22"
"10.60.12.80","False","24.07.2025 7:47:22"
"10.60.12.81","False","24.07.2025 7:47:22"
"10.60.12.82","False","24.07.2025 7:47:22"
"10.60.12.83","False","24.07.2025 7:47:22"
"10.60.12.85","False","24.07.2025 7:47:22"
"10.60.12.114","True","24.07.2025 7:47:22"
"10.60.12.115","True","24.07.2025 7:47:22"
"10.60.12.123","True","24.07.2025 7:47:22"
"10.60.12.124","True","24.07.2025 7:47:22"
"10.60.12.127","True","24.07.2025 7:47:22"
"10.60.12.128","False","24.07.2025 7:47:23"
"10.60.12.89","False","24.07.2025 7:47:23"
"10.60.12.86","False","24.07.2025 7:47:23"
"10.60.12.91","False","24.07.2025 7:47:23"
"10.60.12.93","False","24.07.2025 7:47:23"
"10.60.12.94","False","24.07.2025 7:47:23"
"10.60.12.95","False","24.07.2025 7:47:23"
"10.60.12.97","False","24.07.2025 7:47:23"
"10.60.12.98","False","24.07.2025 7:47:23"
"10.60.12.100","False","24.07.2025 7:47:23"
"10.60.12.101","False","24.07.2025 7:47:23"
"10.60.12.102","False","24.07.2025 7:47:23"
"10.60.12.103","False","24.07.2025 7:47:23"
"10.60.12.104","False","24.07.2025 7:47:23"
"10.60.12.105","False","24.07.2025 7:47:23"
"10.60.12.106","False","24.07.2025 7:47:23"
"10.60.12.107","False","24.07.2025 7:47:23"
"10.60.12.108","False","24.07.2025 7:47:23"
"10.60.12.129","False","24.07.2025 7:47:23"
"10.60.12.130","False","24.07.2025 7:47:23"
"10.60.12.131","False","24.07.2025 7:47:23"
"10.60.12.132","False","24.07.2025 7:47:23"
"10.60.12.133","False","24.07.2025 7:47:23"
"10.60.12.134","False","24.07.2025 7:47:23"
"10.60.12.135","False","24.07.2025 7:47:23"
"10.60.12.136","False","24.07.2025 7:47:23"
"10.60.12.137","False","24.07.2025 7:47:23"
"10.60.12.143","False","24.07.2025 7:47:23"
"10.60.12.125","True","24.07.2025 7:47:23"
"10.60.12.148","False","24.07.2025 7:47:23"
"10.60.12.149","False","24.07.2025 7:47:23"
"10.60.12.150","False","24.07.2025 7:47:23"
"10.60.12.151","False","24.07.2025 7:47:23"
"10.60.12.152","False","24.07.2025 7:47:23"
"10.60.12.153","False","24.07.2025 7:47:23"
"10.60.12.154","False","24.07.2025 7:47:23"
"10.60.12.158","False","24.07.2025 7:47:23"
"10.60.12.164","False","24.07.2025 7:47:23"
"10.60.12.167","False","24.07.2025 7:47:23"
"10.60.12.170","False","24.07.2025 7:47:23"
"10.60.12.177","False","24.07.2025 7:47:23"
"10.60.12.178","False","24.07.2025 7:47:23"
"10.60.12.179","False","24.07.2025 7:47:23"
"10.60.12.180","False","24.07.2025 7:47:23"
"10.60.12.181","False","24.07.2025 7:47:23"
"10.60.12.182","False","24.07.2025 7:47:23"
"10.60.12.183","False","24.07.2025 7:47:23"
"10.60.12.185","False","24.07.2025 7:47:23"
"10.60.12.187","False","24.07.2025 7:47:23"
"10.60.12.188","False","24.07.2025 7:47:23"
"10.60.12.189","False","24.07.2025 7:47:23"
"10.60.12.190","False","24.07.2025 7:47:23"
"10.60.12.191","False","24.07.2025 7:47:23"
"10.60.12.192","False","24.07.2025 7:47:23"
"10.60.12.194","False","24.07.2025 7:47:23"
"10.60.12.196","False","24.07.2025 7:47:23"
"10.60.12.111","False","24.07.2025 7:47:23"
"10.60.12.112","False","24.07.2025 7:47:23"
"10.60.12.110","False","24.07.2025 7:47:23"
"10.60.12.113","False","24.07.2025 7:47:23"
"10.60.12.116","False","24.07.2025 7:47:23"
"10.60.12.117","False","24.07.2025 7:47:23"
"10.60.12.118","False","24.07.2025 7:47:23"
"10.60.12.119","False","24.07.2025 7:47:23"
"10.60.12.120","False","24.07.2025 7:47:23"
"10.60.12.121","False","24.07.2025 7:47:23"
"10.60.12.122","False","24.07.2025 7:47:23"
"10.60.12.126","False","24.07.2025 7:47:23"
"10.60.12.138","False","24.07.2025 7:47:23"
"10.60.12.139","False","24.07.2025 7:47:23"
"10.60.12.140","False","24.07.2025 7:47:23"
"10.60.12.141","False","24.07.2025 7:47:23"
"10.60.12.142","False","24.07.2025 7:47:23"
"10.60.12.144","False","24.07.2025 7:47:23"
"10.60.12.145","False","24.07.2025 7:47:23"
"10.60.12.146","False","24.07.2025 7:47:23"
"10.60.12.147","False","24.07.2025 7:47:23"
"10.60.12.197","False","24.07.2025 7:47:23"
"10.60.12.198","False","24.07.2025 7:47:23"
"10.60.12.199","False","24.07.2025 7:47:23"
"10.60.12.200","False","24.07.2025 7:47:23"
"10.60.12.201","False","24.07.2025 7:47:23"
"10.60.12.202","False","24.07.2025 7:47:23"
"10.60.12.203","False","24.07.2025 7:47:23"
"10.60.12.204","False","24.07.2025 7:47:23"
"10.60.12.205","False","24.07.2025 7:47:23"
"10.60.12.206","False","24.07.2025 7:47:23"
"10.60.12.207","False","24.07.2025 7:47:23"
"10.60.12.208","False","24.07.2025 7:47:23"
"10.60.12.209","False","24.07.2025 7:47:23"
"10.60.12.210","False","24.07.2025 7:47:23"
"10.60.12.211","False","24.07.2025 7:47:23"
"10.60.12.212","False","24.07.2025 7:47:23"
"10.60.12.214","False","24.07.2025 7:47:23"
"10.60.12.216","False","24.07.2025 7:47:23"
"10.60.12.218","False","24.07.2025 7:47:23"
"10.60.12.220","False","24.07.2025 7:47:23"
"10.60.12.221","False","24.07.2025 7:47:23"
"10.60.12.222","False","24.07.2025 7:47:23"
"10.60.12.223","False","24.07.2025 7:47:23"
"10.60.12.225","False","24.07.2025 7:47:23"
"10.60.12.227","False","24.07.2025 7:47:23"
"10.60.12.228","False","24.07.2025 7:47:24"
"10.60.12.231","False","24.07.2025 7:47:24"
"10.60.12.232","False","24.07.2025 7:47:24"
"10.60.12.234","False","24.07.2025 7:47:24"
"10.60.12.237","False","24.07.2025 7:47:24"
"10.60.12.239","False","24.07.2025 7:47:24"
"10.60.12.242","False","24.07.2025 7:47:24"
"10.60.12.245","False","24.07.2025 7:47:24"
"10.60.12.249","False","24.07.2025 7:47:24"
"10.60.12.250","False","24.07.2025 7:47:24"
"10.60.12.251","False","24.07.2025 7:47:24"
"10.60.12.254","False","24.07.2025 7:47:24"
"10.60.12.156","False","24.07.2025 7:47:24"
"10.60.12.159","False","24.07.2025 7:47:24"
"10.60.12.155","False","24.07.2025 7:47:24"
"10.60.12.157","False","24.07.2025 7:47:24"
"10.60.12.160","False","24.07.2025 7:47:24"
"10.60.12.161","False","24.07.2025 7:47:24"
"10.60.12.162","False","24.07.2025 7:47:24"
"10.60.12.163","False","24.07.2025 7:47:24"
"10.60.12.165","False","24.07.2025 7:47:24"
"10.60.12.166","False","24.07.2025 7:47:24"
"10.60.12.168","False","24.07.2025 7:47:24"
"10.60.12.169","False","24.07.2025 7:47:24"
"10.60.12.171","False","24.07.2025 7:47:24"
"10.60.12.172","False","24.07.2025 7:47:24"
"10.60.12.173","False","24.07.2025 7:47:24"
"10.60.12.174","False","24.07.2025 7:47:24"
"10.60.12.175","False","24.07.2025 7:47:24"
"10.60.12.176","False","24.07.2025 7:47:24"
"10.60.12.195","False","24.07.2025 7:47:24"
"10.60.12.184","False","24.07.2025 7:47:24"
"10.60.12.186","False","24.07.2025 7:47:24"
"10.60.12.193","False","24.07.2025 7:47:24"
"10.60.12.215","False","24.07.2025 7:47:24"
"10.60.12.213","False","24.07.2025 7:47:24"
"10.60.12.217","False","24.07.2025 7:47:24"
"10.60.12.224","False","24.07.2025 7:47:24"
"10.60.12.219","False","24.07.2025 7:47:24"
"10.60.12.226","False","24.07.2025 7:47:24"
"10.60.12.229","False","24.07.2025 7:47:24"
"10.60.12.233","False","24.07.2025 7:47:24"
"10.60.12.230","False","24.07.2025 7:47:24"
"10.60.12.235","False","24.07.2025 7:47:24"
"10.60.12.236","False","24.07.2025 7:47:24"
"10.60.12.238","False","24.07.2025 7:47:24"
"10.60.12.240","False","24.07.2025 7:47:24"
"10.60.12.248","False","24.07.2025 7:47:24"
"10.60.12.241","False","24.07.2025 7:47:24"
"10.60.12.243","False","24.07.2025 7:47:24"
"10.60.12.244","False","24.07.2025 7:47:24"
"10.60.12.246","False","24.07.2025 7:47:24"
"10.60.12.252","False","24.07.2025 7:47:24"
"10.60.12.247","False","24.07.2025 7:47:24"
"10.60.12.253","False","24.07.2025 7:47:24"
